start,EventType,ED1,TFUT02,TFUT10,SP500FUT
1991-01-08 11:30,fomc,-0.12,-0.02449,-0.06304,0.48769
1991-01-22 10:00,testimony,0.03,0.00816,-0.01787,0.06014
1991-02-01 09:15,fomc,-0.04,-0.01138,0.01323,-0.4216
1991-02-01 11:30,fomc,-0.06,-0.013,-0.00883,0.24808
1991-02-07 11:30,fomc,0,0,0,0
1991-02-20 09:45,testimony,-0.06,-0.01139,-0.0132,-0.19066
1991-03-06 09:30,testimony,0.05,0.00491,0.03153,0.67323
1991-03-08 11:30,fomc,-0.06,0.0049,-0.02706,0.18428
1991-03-13 10:00,testimony,-0.06,-0.03595,-0.01349,0.14693
1991-03-27 11:30,fomc,-0.01,0,-0.00905,0.22335
1991-04-23 10:00,testimony,0.03,0.00817,0.02702,-0.27328
1991-04-30 09:30,fomc,-0.16,0,-0.06708,0.91519
1991-04-30 10:00,testimony,-0.02,0.01627,0.00446,-0.91519
1991-05-15 11:30,fomc,0,-0.00325,0.00901,-0.08057
1991-07-05 11:30,fomc,0.02,0.01639,0.02292,-0.10592
1991-07-16 10:00,testimony,0.02,0.00817,-0.00455,-0.05203
1991-08-06 11:30,fomc,-0.12,-0.02429,-0.03111,0.60759
1991-08-21 11:30,fomc,0,0.00483,0,0.01296
1991-09-13 09:10,fomc,-0.01,0.02097,-0.00433,-0.12814
1991-09-13 11:30,fomc,0,0.00484,0.00869,0.01291
1991-10-02 11:30,fomc,0,0,0.00429,-0.06377
1991-10-30 11:30,fomc,-0.01,0.01118,0.00427,0
1991-11-06 08:45,fomc,-0.08,0.00797,-0.03855,-0.11554
1991-11-06 11:30,fomc,0,-0.00797,0.00428,-0.14102
1991-12-06 11:30,fomc,0.01,0.01268,0.00841,0.01315
1991-12-18 09:00,testimony,0.07,0.05059,0.0042,-0.28635
1991-12-20 11:30,fomc,0.01,0.01574,-0.00414,-0.02585
1992-01-29 10:00,testimony,0.04,0.0869,0.04613,0.3724
1992-02-06 11:30,fomc,-0.01,0.01263,-0.00418,0
1992-02-11 09:45,speech,0.05,0.05835,0.01682,-0.10862
1992-02-25 10:00,testimony,-0.04,-0.05872,-0.03837,-0.0973
1992-03-13 00:00,speech,0,-0.0321,0.00436,0.38133
1992-04-01 11:30,fomc,0.01,0.0048,0,-0.07467
1992-04-09 11:30,fomc,-0.22,-0.1508,-0.04273,0.86548
1992-05-20 11:30,fomc,0.02,0.03151,-0.00419,-0.024
1992-06-16 09:30,testimony,-0.03,-0.04752,-0.02115,-0.01215
1992-07-02 09:15,fomc,0,0.0235,0.02473,-0.03629
1992-08-19 11:30,fomc,-0.01,0.01858,0,0.02379
1992-08-28 10:00,speech jackson hole,0.01,0.0155,0.02798,0.22948
1992-09-04 11:30,fomc,-0.02,-0.00311,0.0119,0
1992-10-07 11:30,fomc,0,0.02324,0,-0.07365
1992-10-14 02:00,speech,0.08,0.06992,0.03213,-0.20794
1992-11-18 11:30,fomc,0,0.01566,0.00407,0.35591
1992-12-23 11:30,fomc,-0.01,0,0,-0.1019
1993-01-27 10:00,testimony,-0.03,-0.04672,-0.0159,-0.04552
1993-01-28 14:39,testimony,-0.04,-0.02332,-0.01979,0.31916
1993-02-04 11:30,fomc,0,0,0.00394,-0.07802
1993-02-23 10:00,testimony,-0.03,-0.07725,-0.08781,0.25203
1993-03-24 11:30,fomc,0,0.01239,0.00772,-0.14413
1993-05-19 11:30,fomc,0,-0.02011,-0.01545,0.19366
1993-05-25 13:40,speech,0.03,0.0031,0.00386,0.0223
1993-07-08 11:30,fomc,0,-0.0155,-0.00759,0.23544
1993-07-20 09:45,testimony,0.02,0.04184,0.01131,0.3019
1993-07-22 10:01,testimony,0.02,0.04194,0,-0.01119
1993-08-18 11:30,fomc,0.01,0.01546,0.0113,-0.09854
1993-08-20 10:00,speech jackson hole,-0.02,-0.03552,-0.02621,0.01097
1993-09-22 11:30,fomc,0,0.01547,0.00747,-0.01097
1993-11-17 11:30,fomc,-0.01,0.00465,-0.01498,-0.08583
1993-11-17 22:32,speech,0.01,0.02324,0.01127,-0.18316
1993-12-22 11:30,fomc,0,0,0,-0.03212
1994-01-31 10:30,testimony,0.01,0.00776,-0.01877,0.51954
1994-02-04 11:05,fomc,0.13,0.14319,0.0684,-0.7626
1994-03-22 14:20,fomc,-0.05,-0.03486,-0.04815,0.28682
1994-04-18 10:06,fomc,0.07,0.06863,0.0541,-0.78502
1994-05-17 14:26,fomc,-0.02,-0.06731,-0.07918,0.52646
1994-07-06 14:18,fomc,-0.02,0.00322,0.01275,-0.07824
1994-07-20 10:00,testimony,0.07,0.07705,0.08813,-0.4417
1994-08-10 10:00,testimony,-0.04,-0.00805,-0.02109,0.51145
1994-08-16 13:18,fomc,0.08,-0.00483,-0.03347,0.1836
1994-09-19 15:40,speech,0.04,0.04373,0.03872,-0.68933
1994-09-27 14:18,fomc,-0.02,0.00487,0.02604,-0.26979
1994-11-15 14:20,fomc,0.04,0.00816,-0.01325,-0.91315
1994-11-30 15:00,speech,0.02,-0.00825,0.00445,-0.64889
1994-12-07 10:00,testimony,0.08,0.06941,0.00883,-0.0332
1994-12-20 14:17,fomc,-0.07,0.01157,0.00882,0
1995-01-25 10:00,testimony,-0.13,-0.07913,-0.05299,0.87495
1995-01-26 09:30,testimony,-0.04,-0.12008,-0.04829,-0.17039
1995-01-26 14:00,testimony,-0.01,-0.02135,-0.03498,0.68962
1995-01-31 12:00,testimony,-0.05,-0.07374,-0.06497,0.12708
1995-02-01 14:15,fomc,0.06,0.05245,0.02165,-0.17962
1995-02-15 08:50,speech,-0.07,-0.09318,-0.07718,0.08265
1995-02-22 10:00,testimony,-0.06,-0.15965,-0.06816,0.51499
1995-02-23 10:00,testimony,0.02,0.03734,0.02534,0.32706
1995-02-28 10:00,testimony,0.01,0.04867,0.03369,0.03089
1995-03-03 08:40,speech,0.01,0.04078,0.0426,-0.56687
1995-03-08 10:00,testimony,-0.02,0.01305,-0.01702,0.27894
1995-03-28 14:15,fomc,0.02,0.01299,0.00839,-0.08885
1995-05-11 08:50,speech,0,0.05938,0.03622,-0.07619
1995-05-23 14:15,fomc,-0.01,0.00802,0.00401,0
1995-06-20 20:30,speech,-0.06,-0.05251,-0.03906,0.2092
1995-07-06 14:15,fomc,-0.18,-0.19909,-0.13282,0.33528
1995-07-19 10:00,testimony,0.07,0.10375,0.14705,-0.72033
1995-07-28 11:00,testimony,0,0.01598,0.01199,0.0177
1995-08-02 10:20,testimony,-0.02,-0.03513,-0.03184,-0.15891
1995-08-22 14:15,fomc,0.05,0.03206,0.02409,-0.17867
1995-09-01 10:30,speech jackson hole,-0.02,-0.04788,-0.03151,-0.00885
1995-09-21 10:00,testimony,0.1,0.12435,0.10219,-0.76382
1995-09-26 14:15,fomc,0.07,0.04793,0.03557,-0.28127
1995-10-19 21:15,speech,0.04,0.04456,0.02325,-0.12635
1995-11-15 14:15,fomc,0.04,0.0238,0.01543,-0.05076
1995-11-16 13:00,speech,0.01,0.02378,0.01919,-0.07515
1995-11-27 14:00,testimony,0.02,0.0111,0.0115,-0.55586
1995-12-19 14:15,fomc,-0.05,-0.04431,-0.02668,0.26922
1996-01-31 14:15,fomc,-0.02,-0.04241,-0.01869,0.05523
1996-02-20 14:00,testimony,0.08,0.17646,0.08777,0.05433
1996-02-23 08:50,speech,0.03,0.06772,0.05331,0.15889
1996-03-26 11:39,fomc,0.02,0.03189,0.01582,0.09139
1996-03-27 10:00,testimony,0,0.01915,0.00793,-0.03038
1996-05-21 14:15,fomc,0,0.01281,0.01211,-0.2515
1996-07-03 14:15,fomc,-0.06,-0.02413,-0.00407,0.05908
1996-08-20 14:15,fomc,-0.01,0.0048,0.01199,-0.05991
1996-08-30 10:00,speech jackson hole,0.05,0.0613,0.06596,-0.55004
1996-09-24 14:15,fomc,-0.1,-0.05631,-0.02853,-0.06494
1996-10-16 19:15,speech,-0.02,-0.0192,-0.01605,0.30287
1996-11-13 14:15,fomc,-0.02,-0.01115,-0.01174,0.28636
1996-12-05 19:20,speech,0.04,0.09564,0.09038,-1.56269
1996-12-17 14:15,fomc,-0.01,0.02398,0.00794,-0.16391
1997-01-21 10:00,testimony,-0.04,-0.05288,-0.06807,1.31038
1997-01-30 10:15,testimony,0.01,0.01121,0.01205,0.02564
1997-02-05 14:15,fomc,-0.01,0.01278,0.01587,-0.35273
1997-02-26 10:00,testimony,0.06,0.12796,0.11945,-1.24963
1997-03-05 14:00,testimony,-0.01,-0.0513,-0.03641,1.36278
1997-03-20 10:00,testimony,0.035,0.03544,0.01228,0.17675
1997-03-25 14:15,fomc,0.045,0.07258,0.04082,-0.49969
1997-05-08 21:15,speech,-0.035,-0.03219,-0.02032,0.79272
1997-05-20 14:15,fomc,-0.07,-0.03699,-0.01217,0.41779
1997-05-22 10:00,testimony,0,0.01608,0.02033,-0.547
1997-07-02 14:15,fomc,-0.01,-0.01283,-0.004,0.19931
1997-07-22 14:00,testimony,-0.05,-0.08472,-0.08268,1.75443
1997-08-19 14:15,fomc,0,0.00798,0.01184,-0.48649
1997-09-30 14:13,fomc,-0.005,-0.00479,0.00786,-0.25975
1997-10-08 10:00,testimony,0.055,0.09243,0.08184,-0.53799
1997-10-14 14:15,speech,-0.005,-0.02714,-0.02352,0.80066
1997-11-12 14:12,fomc,-0.03,-0.01594,-0.01551,-0.49957
1997-11-13 10:00,testimony,-0.025,-0.06848,-0.0464,-0.84426
1997-12-16 14:15,fomc,-0.005,-0.00796,-0.00385,-0.17323
1998-01-29 10:00,speech,-0.06,-0.1395,-0.0913,1.37612
1998-02-04 14:12,fomc,0.01,0.01266,0.00757,-0.30652
1998-02-24 10:00,testimony,0.03,0.11435,0.07635,0.13489
1998-03-31 14:12,fomc,0,0,0.00384,-0.05374
1998-04-02 14:30,speech,-0.04,-0.07941,-0.06474,0.45175
1998-05-19 14:15,fomc,-0.03,-0.0159,-0.00383,-0.24192
1998-07-01 14:15,fomc,0.005,0.00476,0,0.08682
1998-08-18 14:12,fomc,0,-0.00476,0,0.15457
1998-08-28 10:00,speech jackson hole,-0.01,-0.01574,-0.04039,-2.35192
1998-09-16 13:00,testimony,-0.025,-0.10642,-0.10065,-2.12049
1998-09-23 14:00,testimony,-0.08,-0.07812,-0.02135,1.69496
1998-09-29 14:15,fomc,0.05,0.0078,-0.00353,-1.01389
1998-10-01 10:20,testimony,-0.035,-0.05742,-0.0243,-1.08966
1998-10-15 15:15,fomc,-0.235,-0.217,-0.11969,2.12158
1998-11-05 12:15,speech,0.065,0.15154,0.10054,0.24104
1998-11-17 14:15,fomc,-0.035,0.02657,-0.00359,0.59618
1998-11-19 14:00,minutes,-0.005,0.01879,0.01081,0.31142
1998-12-22 14:15,fomc,0.01,0,0.00357,-0.13973
1998-12-23 14:00,minutes,0.05,0.06263,0.01437,-0.11376
1999-02-03 14:15,fomc,-0.005,0.01567,0.01447,0.19604
1999-02-23 10:00,testimony,0.01,0.08967,0.06272,-0.14119
1999-03-09 12:00,speech,0,-0.03156,-0.02244,-0.3096
1999-03-30 14:15,fomc,-0.02,-0.03939,-0.00747,-0.17466
1999-05-06 09:00,speech,0.01,0.03948,0.01883,-0.63068
1999-05-18 14:15,fomc,0.015,0.10771,0.08806,-1.45661
1999-06-17 10:00,testimony,-0.035,-0.07485,-0.0858,0.6328
1999-06-30 14:15,fomc,-0.08,-0.09249,-0.06651,1.72134
1999-07-22 11:00,testimony,0.07,0.10004,0.10631,-1.03131
1999-08-24 14:15,fomc,0.02,0,-0.0117,0.60613
1999-09-30 20:30,speech,0.02,0.03985,0.03344,-0.58815
1999-10-05 14:15,fomc,0.035,0.07665,0.05934,-0.87072
1999-10-15 13:00,speech,-0.02,-0.05118,-0.03398,-0.94937
1999-10-19 13:00,speech,0.025,0.04001,0.03202,-0.88583
1999-10-28 19:30,speech,-0.035,-0.04319,-0.04372,0.88464
1999-11-16 14:15,fomc,0.05,0.07984,0.03523,-0.35336
1999-12-21 14:15,fomc,0.01,0.0416,0.03824,0.44944
2000-02-02 14:15,fomc,-0.02,0.03642,0.03456,-0.31707
2000-02-17 10:00,testimony,0.015,0.07451,0.04779,-0.47886
2000-03-21 14:15,fomc,-0.005,0.01156,-0.00422,0.10062
2000-03-23 14:00,minutes,0.05,0.09569,0.05248,0.07115
2000-04-05 13:30,speech,0.03,0.07725,0.03933,0.1321
2000-04-10 12:00,speech,-0.01,-0.03617,-0.02473,-0.89909
2000-05-04 09:15,speech,-0.04,-0.05799,-0.05145,-0.17584
2000-05-16 14:15,fomc,0.06,0.0498,0.02574,-0.68027
2000-06-13 13:10,speech,0,-0.02476,-0.00628,1.22817
2000-06-28 14:15,fomc,-0.025,-0.04125,-0.01046,0.26972
2000-07-20 10:00,testimony,-0.075,-0.14812,-0.11217,0.55807
2000-08-22 14:15,fomc,0,0.00328,0.00819,-0.17883
2000-10-03 14:15,fomc,0.02,0.04082,0.03059,-0.27211
2000-10-19 09:00,speech,-0.025,-0.06513,-0.03218,2.22596
2000-11-15 14:15,fomc,0,0,-0.01207,-0.78769
2000-12-05 10:45,speech,-0.01,-0.06951,-0.03552,0.92065
2000-12-19 14:15,fomc,0.03,0.01611,0.01551,-0.58845
2001-01-03 13:15,fomc,-0.12,0.024,0.07263,4.55309
2001-01-25 10:20,testimony,-0.05,-0.08808,-0.03308,0.43732
2001-01-31 14:15,fomc,0.03,0.00798,0.0077,-0.43447
2001-02-13 10:00,testimony,0.025,0.05912,0.04031,0.07474
2001-02-28 10:20,testimony,-0.02,-0.00795,0.00191,-1.71627
2001-03-02 10:20,testimony,0,0.06362,0.03812,1.75379
2001-03-07 15:10,speech,-0.025,-0.03655,-0.02286,0.15699
2001-03-20 14:15,fomc,-0.04,-0.05551,-0.01893,-0.59072
2001-03-22 14:00,minutes,-0.03,-0.01582,-0.00752,-1.36242
2001-04-18 10:55,fomc,-0.35,-0.15427,-0.04274,2.41875
2001-04-27 09:15,speech,0.02,-0.01269,0.00389,0.9627
2001-05-15 14:15,fomc,-0.1,-0.08732,-0.02751,0.45467
2001-05-24 20:20,speech,-0.023,0.00795,0.00789,-0.02318
2001-06-27 14:12,fomc,0.07,0.06336,0.00971,-0.45091
2001-06-28 14:00,minutes,0.04,0.03975,0.04301,-0.16116
2001-07-18 10:00,testimony,-0.09,-0.11077,-0.06733,-0.27276
2001-08-21 14:15,fomc,-0.01,-0.02359,0,-0.73012
2001-09-20 10:00,testimony,0.01,0.04186,0.02986,-1.17395
2001-10-02 14:15,fomc,-0.06,-0.03873,0.00184,-0.33565
2001-10-11 14:30,speech,-0.01,-0.02637,-0.00926,-0.50286
2001-10-17 10:00,testimony,-0.03,-0.04645,-0.04598,-1.45656
2001-10-19 13:00,speech,0,0.02321,0.02577,0.8914
2001-10-24 18:45,speech,-0.02,-0.02627,-0.00735,-1.03839
2001-11-06 14:20,fomc,-0.16,-0.09222,-0.03594,0.60846
2001-11-13 20:00,speech,0.03,0.0662,0.03812,0.55029
2001-11-14 15:00,speech,0.07,0.12362,0.06978,-0.11392
2001-12-11 14:14,fomc,-0.01,-0.07028,-0.03848,0.32276
2002-01-24 10:00,testimony,0.04,0.05915,0.01716,0.03522
2002-01-30 14:15,fomc,0.02,0.00777,-0.00759,-0.02733
2002-01-31 14:00,minutes,0.01,0.06227,0.03804,0.01786
2002-02-28 12:35,speech,0,-0.01562,0,-0.31383
2002-03-07 10:00,testimony,0.02,0.07853,0.06995,-0.60138
2002-03-19 14:15,fomc,-0.05,-0.0505,-0.03928,-0.38345
2002-03-21 14:00,minutes,0,-0.01581,-0.01587,0.25216
2002-03-26 17:00,speech,0,-0.01894,-0.00986,-0.20152
2002-04-17 10:00,testimony,-0.05,-0.04389,0.00776,0.1506
2002-04-23 10:00,testimony,0,0.02034,0.01158,-0.04513
2002-05-03 08:50,speech,-0.02,-0.04206,-0.03251,-1.14976
2002-05-07 14:15,fomc,-0.02,-0.02801,-0.01526,-0.31254
2002-05-09 14:00,minutes,-0.01,-0.02808,-0.0231,-0.33343
2002-05-10 09:45,speech,-0.02,-0.02807,-0.01922,-0.78468
2002-06-20 08:50,speech,0.02,0.02328,0.02059,0
2002-06-26 14:15,fomc,0.02,0,0.0093,-0.52165
2002-06-27 14:00,minutes,0.02,0.04192,0.03377,0.94595
2002-07-16 10:00,testimony,0.02,0.0648,0.04259,0.98739
2002-07-17 10:00,testimony,-0.015,-0.06485,-0.04265,-2.63029
2002-08-13 14:15,fomc,-0.02,-0.09914,-0.05655,-0.6289
2002-08-15 14:00,minutes,0.01,0.0657,0.02661,0.3461
2002-09-24 14:15,fomc,0,-0.01521,-0.01721,-1.00711
2002-09-25 08:00,speech,0.01,0.0533,0.04833,0.94535
2002-09-25 16:00,speech,-0.03,-0.04267,-0.02257,1.09187
2002-10-23 13:20,speech,0.01,0.05806,0.02845,0.51093
2002-10-29 19:00,speech,0.03,0.03338,0.03316,0.11338
2002-11-06 14:14,fomc,-0.08,-0.04552,-0.03672,-0.52695
2002-12-10 14:15,fomc,0,0.01526,0.01063,-0.27761
2003-01-29 14:16,fomc,0.03,0.04548,0.02981,0.17467
2003-02-11 10:00,testimony,0,-0.02574,-0.01748,-0.35808
2003-03-07 09:45,speech,0.01,0.0347,0.03244,1.48151
2003-03-18 14:15,fomc,0.01,-0.01519,-0.01744,-0.46485
2003-04-30 10:20,testimony,-0.025,-0.01813,-0.01908,0.49194
2003-05-06 14:13,fomc,-0.03,-0.09818,-0.04842,0.12818
2003-06-25 14:15,fomc,0.115,0.07214,0.0333,-0.18285
2003-06-26 14:00,minutes,0.015,0.0528,0.03553,0.22371
2003-07-02 13:00,speech,-0.005,-0.03011,-0.02199,0.08086
2003-07-15 10:00,testimony,0.005,0.0377,0.12743,-0.61944
2003-08-12 14:15,fomc,-0.01,-0.04552,-0.03744,-0.051
2003-09-16 14:19,fomc,0,-0.01138,-0.0107,0.10783
2003-10-28 14:15,fomc,-0.025,-0.11775,-0.08687,-0.02896
2003-11-14 09:00,speech,-0.005,-0.06838,-0.0725,-0.1893
2003-12-09 14:15,fomc,-0.002,0.0726,0.09313,-0.12197
2003-12-11 13:20,speech,-0.003,-0.07254,-0.06441,0.32801
2004-01-28 14:15,fomc,0.025,0.20112,0.15835,-0.91989
2004-01-29 14:00,minutes,-0.005,-0.03422,-0.01415,0.56018
2004-02-11 11:00,testimony,-0.025,-0.12894,-0.12033,0.81071
2004-03-16 14:15,fomc,-0.025,-0.07952,-0.06341,-0.03607
2004-04-16 08:00,speech,-0.02,-0.042,-0.03227,0.06213
2004-04-20 14:30,testimony,0.06,0.11093,0.07397,-1.55524
2004-04-27 12:30,speech,-0.01,-0.03064,-0.02168,-0.0963
2004-05-04 14:15,fomc,-0.005,0.00383,0.01997,0.35826
2004-06-08 09:15,speech,0.01,0.04655,0.03172,-0.01757
2004-06-15 11:00,testimony,-0.03,-0.04661,-0.04263,0.04406
2004-06-30 14:15,fomc,-0.035,-0.00388,0.01287,0.23771
2004-07-20 14:30,testimony,0.04,0.08102,0.08134,0.5404
2004-08-10 14:15,fomc,0.035,0.04614,0.01959,-0.32681
2004-09-08 10:30,testimony,-0.015,-0.07335,-0.05903,-0.20529
2004-09-21 14:15,fomc,-0.015,-0.0154,-0.02821,0.00888
2004-09-23 14:00,minutes,0.04,0.09246,0.04222,0.07205
2004-10-15 12:59,speech,-0.015,-0.03465,-0.03356,-0.18021
2004-10-19 10:00,speech,-0.005,-0.03082,-0.02297,-0.57482
2004-11-10 14:15,fomc,-0.01,-0.03481,-0.02497,0.14569
2004-11-19 08:30,speech,0.0175,0.13167,0.08348,-0.84782
2004-12-14 14:15,fomc,-0.01,-0.01166,-0.01422,-0.03324
2005-01-04 14:00,minutes,0.025,0.06624,0.03949,-0.93001
2005-02-02 14:15,fomc,-0.005,-0.0117,-0.01603,0.01678
2005-02-16 10:00,testimony,0.0075,0.05859,0.04274,0.04969
2005-03-02 10:00,testimony,-0.005,-0.03144,-0.01278,0.76015
2005-03-22 14:15,fomc,0.03,0.0827,0.09784,-0.36112
2005-04-12 14:00,minutes,-0.01,-0.05509,-0.06931,1.14258
2005-04-21 10:20,testimony,0.015,0.04317,0.02891,0.43441
2005-05-03 14:15,fomc,0.015,0.0314,0.01257,0.38635
2005-05-03 16:00,fomc,-0.01,-0.02748,-0.02693,0.55917
2005-05-20 12:30,speech,0.0025,0.02747,0.00714,0.23541
2005-06-06 21:00,speech,-0.0025,-0.03923,-0.03161,0.13344
2005-06-30 14:15,fomc,0.04,0.04318,0.0088,-0.44095
2005-07-20 10:00,testimony,0.015,0.03152,0.00358,0.43046
2005-08-09 14:15,fomc,-0.01,-0.01979,-0.01823,0.20262
2005-08-26 10:20,speech jackson hole,0.0025,0.02369,0.02148,-0.19061
2005-08-30 14:00,minutes,-0.0125,-0.04339,-0.03231,-0.28181
2005-09-20 14:15,fomc,0.03,0.01579,-0.00543,-0.12921
2005-10-27 11:00,speech,0.01,0.02384,0.01298,0.1429
2005-11-01 14:15,fomc,0,0.01193,0.00371,0.22367
2005-11-22 14:00,minutes,-0.0175,-0.07937,-0.02945,0.35764
2005-12-13 14:15,fomc,-0.0025,-0.02785,-0.01856,0.51047
2006-01-03 14:00,minutes,-0.015,-0.03178,-0.00366,0.8706
2006-01-31 14:14,fomc,0.03,0.03583,0.03152,-0.23364
2006-02-15 10:00,testimony,0.0075,0.04792,0.02991,0.1253
2006-03-28 14:15,fomc,0.03,0.04797,0.03773,-0.64888
2006-04-18 14:00,minutes,-0.025,-0.02002,-0.01526,0.34429
2006-04-27 10:00,testimony,-0.09,-0.08021,-0.05183,1.1529
2006-05-10 14:15,fomc,0.04,0.05615,0.03843,-0.15852
2006-05-18 10:20,testimony,0.02,0.00802,-0.0115,-0.03137
2006-05-31 14:00,minutes,0.025,0.03612,0.01348,-0.15773
2006-06-05 14:15,speech,0.045,0.0481,0.0191,-0.85588
2006-06-29 14:15,fomc,-0.04,-0.04029,-0.01552,0.53603
2006-07-19 10:00,testimony,-0.07,-0.09658,-0.08275,1.00128
2006-07-20 10:20,testimony,-0.025,-0.02411,-0.01532,0.07911
2006-07-20 14:00,minutes,-0.03,-0.02812,-0.00765,-0.07923
2006-08-08 14:15,fomc,-0.035,-0.02805,-0.00569,-0.24218
2006-08-25 10:00,speech jackson hole,-0.00625,-0.02002,-0.01319,-0.054
2006-08-29 14:00,minutes,-0.015,-0.04807,-0.04153,0.26128
2006-09-01 10:20,speech,-0.005,-0.02795,-0.02627,0.24444
2006-09-20 14:15,fomc,0.01,0.01998,0.01124,-0.28435
2006-10-04 12:45,speech,-0.005,-0.0239,-0.01297,0.47334
2006-10-11 14:00,minutes,0.015,0.056,0.03386,-0.33871
2006-10-25 14:15,fomc,-0.005,-0.004,-0.01507,-0.07226
2006-12-01 09:00,speech,-0.02,-0.09941,-0.04411,-0.4071
2006-12-12 14:15,fomc,-0.005,-0.04778,-0.02766,0.18988
2007-01-31 14:15,fomc,-0.005,-0.00802,-0.01135,0.48713
2007-02-14 10:00,testimony,0,-0.04405,-0.03197,0.50194
2007-02-28 10:20,testimony,0.0075,0.04377,0.02592,0.51878
2007-03-21 14:15,fomc,-0.045,-0.08357,-0.04624,0.83145
2007-04-11 14:00,minutes,0.005,0.03591,0.0206,-0.44165
2007-05-09 14:15,fomc,0.01,0.03991,0.02047,-0.13214
2007-06-28 14:15,fomc,0.005,0.01603,0.00768,-0.27603
2007-07-18 10:00,testimony,-0.005,-0.05203,-0.04777,-0.59967
2007-08-07 14:15,fomc,0,-0.03979,-0.01122,-1.00517
2007-08-10 09:15,fomc,0.01,0.00398,-0.01122,-0.0208
2007-08-17 08:15,fomc,-0.055,-0.00792,0.02961,2.37716
2007-08-31 10:20,speech jackson hole,0.0075,-0.0356,-0.03496,0.23757
2007-09-18 14:15,fomc,-0.18,-0.1184,-0.01831,1.33786
2007-09-20 10:20,testimony,0.03,0.01578,0.02952,-0.27292
2007-09-24 13:00,speech,-0.015,-0.02762,-0.01292,-0.49524
2007-10-09 14:00,minutes,0.01,0.01975,0.01849,0.47809
2007-10-19 10:00,speech,-0.045,-0.04326,-0.04363,-0.6198
2007-10-31 14:15,fomc,0.02,0.07081,0.03457,-0.43398
2007-11-06 13:40,speech,0.015,0.01961,0.01627,0.36262
2007-11-08 10:00,testimony,-0.065,-0.10552,-0.0341,-1.32904
2007-11-29 18:45,speech,0.015,0.05045,0.02642,0.82696
2007-12-11 14:15,fomc,0.1825,-0.13974,-0.07583,-1.74159
2008-01-10 13:20,speech,0.005,0.05387,0.03638,0.63269
2008-01-17 10:00,testimony,-0.045,-0.03838,-0.03422,-1.59174
2008-01-22 08:20,fomc,-0.13,0.03813,0.04386,1.51989
2008-01-30 14:15,fomc,-0.14,-0.03829,0.01027,0.80616
2008-02-14 10:00,testimony,0,-0.02662,-0.00513,-0.8319
2008-02-27 10:20,testimony,-0.00375,0.06858,0.05827,0.66551
2008-03-04 09:00,speech,0.01,-0.04548,-0.00677,-0.35597
2008-03-11 08:30,fomc,0.03375,0.11776,0.08617,1.78583
2008-03-14 13:00,speech,-0.02,-0.04161,-0.02157,-0.85504
2008-03-18 14:15,fomc,0.0475,0,-0.01986,-0.95548
2008-04-02 09:30,testimony,0.03,0.06481,0.01015,0.03641
2008-04-03 10:20,testimony,0.015,0.03432,0.0169,0.67075
2008-04-10 13:20,speech,0.005,0.02282,0.00338,-0.01466
2008-04-30 14:15,fomc,-0.06,-0.0192,-0.00173,0.12858
2008-05-13 08:50,speech,-0.025,-0.01922,0.00863,-0.32775
2008-05-29 14:30,speech,-0.0225,-0.04241,-0.03564,-0.54924
2008-06-03 09:00,speech,0.02,0.05019,0.03163,-0.12966
2008-06-04 14:45,speech,0.0175,0.05394,0.05069,-0.254
2008-06-09 20:15,speech,0.0725,0.22126,0.07768,-0.37504
2008-06-25 14:15,fomc,-0.065,-0.08147,-0.02486,0.03764
2008-07-16 14:00,minutes,0.02,0.03842,0.02081,0.52728
2008-08-05 14:15,fomc,-0.02,-0.01538,0.00694,0.14928
2008-08-22 10:00,speech jackson hole,-0.00125,0.00767,0.00686,-0.09317
2008-09-09 09:00,speech,-0.005,-0.03835,-0.01193,-1.20502
2008-09-16 14:15,fomc,0.14,0.09871,0.03514,-0.46189
2008-09-23 09:30,testimony,0.095,0.0191,0.03462,-0.73679
2008-09-24 10:20,testimony,0.085,0.03055,0.03972,0.43749
2008-09-24 14:30,testimony,0.0075,-0.03817,0.01385,0.10083
2008-10-07 14:00,minutes,0.01,0.05296,0.03047,0.87592
2008-10-14 08:30,speech,-0.015,-0.10684,-0.01778,-2.94876
2008-10-15 12:15,speech,-0.02,-0.11789,-0.05359,-2.90949
2008-10-20 10:20,testimony,0.085,0.05324,-0.00887,-0.36373
2008-10-29 14:17,fomc,-0.0125,-0.04158,-0.05038,-1.38521
2008-11-25 08:15,fomc,-0.0875,-0.015,-0.01639,2.7155
2008-12-16 14:15,fomc,-0.25,-0.12011,-0.12311,1.57373
2009-01-28 14:15,fomc,0,-0.00748,0.0111,-0.23025
2009-02-18 12:30,speech,-0.00375,-0.04864,-0.06526,-1.17424
2009-02-24 10:00,testimony,0.02875,0,0.01277,0.26565
2009-02-25 10:20,testimony,0.02625,0.0524,0.06445,0.49554
2009-03-18 14:15,fomc,-0.055,-0.07502,-0.30127,1.86326
2009-04-03 12:00,speech,0.005,0.03375,0.04193,0.27125
2009-04-29 14:15,fomc,0.005,0.02997,0.06185,0.65715
2009-06-24 14:15,fomc,0.01,0.04905,0.08447,-0.63907
2009-06-25 11:20,testimony,-0.005,-0.01131,-0.04818,1.34728
2009-08-12 14:15,fomc,0,-0.0113,0.01544,-0.29869
2009-08-21 10:20,speech jackson hole,0.0075,0.0413,0.0406,0.19558
2009-09-23 14:15,fomc,-0.05,-0.0902,-0.06104,0.51336
2009-10-08 19:00,speech,0.005,0.03374,0.01995,-0.04699
2009-11-04 14:15,fomc,-0.01,-0.0337,0.02021,0.095
2009-11-16 12:15,speech,0,-0.03361,-0.02652,0.2027
2009-12-16 14:15,fomc,-0.005,0.0075,0.02872,-0.06766
2010-01-06 14:00,minutes,-0.01,-0.05261,-0.01373,0.19854
2010-01-27 14:15,fomc,-0.005,0.0561,0.03198,0.09228
2010-02-10 10:00,testimony release,0.005,0.02616,0.00168,-0.5408
2010-03-16 14:15,fomc,-0.015,-0.04128,-0.02706,0.19561
2010-04-07 13:30,speech,-0.01,-0.03007,-0.0309,-0.76263
2010-04-28 14:15,fomc,-0.005,-0.00375,0.00848,0.1683
2010-05-25 20:30,speech,0.005,-0.01118,-0.01949,-0.81245
2010-06-23 14:15,fomc,0.005,-0.00745,-0.00489,0.29796
2010-08-10 14:15,fomc,-0.01,-0.01115,-0.05672,0.73842
2010-09-21 14:15,fomc,0,-0.01485,-0.01574,0.59354
2010-11-03 14:15,fomc,0.005,-0.0037,0.00929,-0.33723
2010-11-30 15:00,speech,0.0175,-0.00371,0.00792,-0.40246
2010-12-14 14:15,fomc,0.005,-0.0149,0,0
2011-01-04 14:00,minutes,0.005,0.03349,0.0345,0.15834
2011-01-26 14:15,fomc,0,-0.02605,0.00329,-0.05797
2011-03-15 14:15,fomc,-0.005,0.02977,0.02621,0.25505
2011-04-27 12:30,fomc,-0.005,-0.02232,-0.01806,0.16747
2011-06-22 12:30,fomc,-0.005,0.01853,0.02065,0.1162
2011-08-09 14:15,fomc,0.02,-0.09233,-0.06074,-0.9322
2011-09-21 14:15,fomc,0.045,0.0443,-0.00299,-0.73809
2011-11-02 12:30,fomc,0.01,0.01478,0.012,-0.14207
2011-12-13 14:15,fomc,0,0.00738,-0.00449,-0.70908
2012-01-25 12:30,fomc,0,-0.02213,-0.05376,0.3248
2012-03-13 14:15,fomc,0,0.0074,0.0315,0.01815
2012-04-25 12:30,fomc,0,0,0.01334,-0.03618
2012-06-20 12:30,fomc,0.015,0.02218,-0.01461,-0.03712
2012-08-01 14:15,fomc,0.01,0.02215,0.02749,-0.20007
2012-09-13 12:30,fomc,0.01,0.02585,0.05878,0.64158
2012-10-24 14:15,fomc,0,-0.0037,-0.00737,0.01773
2012-12-12 12:30,fomc,0,0,0.01607,0.40126
2013-01-30 14:15,fomc,0,-0.00739,-0.01043,-0.08325
2013-03-20 14:00,fomc,0.005,-0.00369,-0.00446,0.11283
2013-05-01 14:00,fomc,0,0,0.0102,0.14225
2013-06-19 14:00,fomc,0,0.02217,0.05468,-0.09128
2013-07-31 14:00,fomc,0,-0.00739,-0.02492,-0.05936
2013-09-18 14:00,fomc,-0.005,-0.04073,-0.11503,1.05565
2013-10-30 14:00,fomc,-0.005,0.01108,0.0399,-0.31274
2013-12-18 14:00,fomc,0.01,-0.0148,-0.01107,0.78802
2014-01-29 14:00,fomc,0.005,0,-0.0094,-0.39529
2014-03-19 14:00,fomc,0.005,0.05932,0.05712,-0.21469
2014-04-30 14:00,fomc,0,0,0.00792,0.02668
2014-06-18 14:00,fomc,0,0.01114,0.00475,0.33568
2014-07-30 14:00,fomc,-0.005,-0.00743,-0.01263,0.40705
2014-09-17 14:00,fomc,0,0.03722,0.03009,0.23824
2014-10-08 14:00,minutes,-0.005,-0.04827,-0.04671,0.74603
2014-10-29 14:00,fomc,0,0.04448,0.03261,-0.32989
2014-12-17 14:00,fomc,-0.015,-0.07068,-0.02769,0.77699
2014-12-17 14:30,press conference,0.015,0.08557,0.05699,0.31172
2015-01-28 14:00,fomc,0,-0.01484,-0.01952,-0.28413
2015-02-18 14:00,minutes,-0.005,-0.06316,-0.06746,0.09559
2015-02-24 10:00,testimony,-0.005,-0.05197,-0.06718,0.11855
2015-03-18 14:00,fomc,-0.04,-0.08568,-0.05507,1.47372
2015-03-18 14:30,press conference,-0.005,-0.04836,-0.05179,0.22757
2015-04-29 14:00,fomc,0,0,0,0.08332
2015-06-17 14:00,fomc,-0.03,-0.05592,-0.04843,0.17986
2015-06-17 14:30,press conference,-0.015,-0.0298,-0.03582,0.2871
2015-07-10 12:30,speech,0.015,0.03347,0.02965,-0.02414
2015-07-29 14:00,fomc,-0.005,-0.01488,-0.01238,0.14305
2015-09-17 14:00,fomc,-0.06,-0.05591,-0.03548,0.11295
2015-09-24 17:00,speech,0.025,0.04837,0.0245,0.29893
2015-10-28 14:00,fomc,0.02,0.05579,0.03203,-0.71377
2015-11-04 10:00,testimony,0.015,0.03729,0.03551,-0.3459
2015-12-16 14:00,fomc,0.01,0.00749,-0.01404,0.18326
2016-01-27 14:00,fomc,-0.02,-0.03732,-0.02588,-0.35583
2016-03-16 14:00,fomc,-0.05,-0.09351,-0.07004,0.27437
2016-03-16 14:30,press conference,-0.03,-0.04109,-0.00911,0.52125
2016-04-27 14:00,fomc,0.005,0.01492,0.00302,0.22774
2016-05-18 14:00,minutes,0.0425,0.05226,0.0513,-0.81798
2016-05-27 13:15,speech,0.02,0.0561,0.03019,-0.03583
2016-06-15 14:00,fomc,-0.04,-0.05583,-0.02955,-0.04823
2016-07-27 14:00,fomc,0.005,0.00372,-0.00736,0.21986
2016-09-21 14:00,fomc,-0.02,-0.04105,-0.03141,0.2923
2016-11-02 14:00,fomc,0.005,0.00746,0.0015,0.07162
2016-12-14 14:00,fomc,0.0025,0.0677,0.06673,-0.27609
2017-01-18 15:00,speech,0.0175,0.03384,0.03475,0.11041
2017-02-01 14:00,fomc,-0.015,-0.03007,-0.01268,0.16484
2017-03-15 14:00,fomc,-0.035,-0.0717,-0.05108,0.29472
2017-05-03 14:00,fomc,0.01,0.01505,0.01721,0.04201
2017-06-14 14:00,fomc,0.0075,0.02634,0.01235,-0.05131
2017-07-26 14:00,fomc,-0.005,-0.01884,-0.01718,0.0202
2017-09-20 14:00,fomc,0.04,0.04527,0.03744,-0.15988
2017-11-01 14:00,fomc,0,0.00378,0.00629,0.07766
2017-12-13 14:00,fomc,-0.0025,-0.01521,-0.01265,0.07488
2018-01-31 14:00,fomc,0,0.00764,0.01301,-0.1149
2018-02-27 10:00,testimony,0.0075,0.05368,0.05276,-0.4412
2018-03-21 14:00,fomc,-0.005,-0.00768,0.0165,0.36575
2018-03-21 14:30,press conference,-0.02,-0.02686,-0.03133,-0.57682
2018-05-02 14:00,fomc,0,-0.01538,-0.0116,0.16027
2018-06-13 14:00,fomc,0,0.04237,0.03153,-0.14338
2018-08-01 14:00,fomc,0,0,-0.00332,0.02668
2018-09-26 14:00,fomc,0,-0.00387,-0.00167,0.22178
2018-11-08 14:00,fomc,0.005,0.00775,0.00505,0.08016
2018-11-28 12:00,speech,-0.005,-0.03865,-0.01995,0.99774
2018-12-19 14:00,fomc,0.03,0.00385,-0.01471,-0.97595
2019-01-30 14:00,fomc,-0.01,-0.03653,-0.01945,0.77759
2019-03-20 14:00,fomc,-0.005,-0.05943,-0.04803,0.50327
2019-05-01 14:00,fomc,-0.035,-0.04589,-0.02224,0.19482
2019-05-01 14:30,press conference,0.04,0.09564,0.04931,-0.85834
2019-06-19 14:00,fomc,-0.06,-0.07961,-0.04156,0.23931
2019-06-19 14:30,press conference,-0.065,-0.04922,-0.01075,0.2217
2019-06-25 13:20,speech,-0.015,-0.02081,-0.01224,-0.29874
2019-07-10 08:30,testimony release,-0.08,-0.07025,-0.04778,0.64462
2019-07-31 14:00,fomc,0.04,0.02088,-0.00307,-0.14938
2019-07-31 14:30,press conference,0.025,0.04178,0.0123,-0.61654
2019-08-23 10:20,speech jackson hole,-0.0175,-0.04536,-0.04183,-1.35686
2019-09-18 14:00,fomc,0.035,0.03785,0.02416,-0.39262
2019-10-09 11:00,speech,0.01,0.03393,0.02228,0.06858
2019-10-11 11:00,fomc,-0.02,-0.00756,-0.0015,0.19258
2019-10-30 14:00,fomc,0.01,0.01325,0.00302,0.14837
2019-12-11 14:00,fomc,0,-0.00757,-0.00455,0.16732
2020-01-29 14:00,fomc,0.005,0.00189,-0.00298,0.02281
2020-03-03 10:00,fomc,-0.1675,-0.06804,-0.03308,0.69044
2020-03-15 17:00,fomc,-0.06625,-0.0037,-0.00713,-0.45096
2020-04-29 14:00,fomc,0,0.00369,0.00975,-0.19611
2020-06-10 14:00,fomc,-0.0025,-0.00922,-0.01261,0.53764
2020-07-29 14:00,fomc,-0.005,-0.00369,-0.00693,0.07712
2020-09-16 14:00,fomc,-0.005,-0.00184,0.00416,0.40382
2020-11-05 14:00,fomc,0,-0.00184,0.00279,0.02135
2020-12-16 14:00,fomc,0,0.00184,0.01969,-0.15931
2021-01-27 14:00,fomc,0.005,0,0,-0.33775
2021-03-17 14:00,fomc,-0.01,-0.0166,-0.01774,0.53907
2021-04-28 14:00,fomc,-0.005,-0.00369,-0.00296,0.07477
2021-06-16 14:00,fomc,0.01,0.02768,0.05156,-0.49859
2021-07-28 14:00,fomc,0,0.00738,0.00869,0.17644
2021-09-22 14:00,fomc,0,0.0037,-0.00146,0.35859
2021-11-03 14:00,fomc,0,0.00928,0.01196,0.22721
2021-11-30 10:05,testimony,0.0025,0.06325,0.02832,-1.24472
2021-12-15 14:00,fomc,0.025,0.03361,0.01945,0.57237
2022-01-05 14:00,minutes,0.01,0.0243,0.01821,-0.87988
2022-01-26 14:00,fomc,-0.0075,-0.00188,0.01378,-0.20134
2022-01-26 14:30,press conference,0.04,0.10699,0.05066,-1.70915
2022-03-02 10:00,testimony,-0.015,0.06437,0.04148,1.04171
2022-03-16 14:00,fomc,0.06,0.10704,0.04598,-0.76101
2022-03-16 14:30,press conference,-0.055,-0.06883,-0.05548,1.48456
2022-03-21 12:30,speech,0.055,0.08049,0.05102,-0.70249
2022-04-06 14:00,minutes,0.035,0.01931,0.02129,-0.01117
2022-04-21 11:00,speech,0.02,0.03676,0.02004,-0.86564
2022-05-04 14:00,fomc,-0.025,-0.0426,-0.02342,-0.16759
2022-05-04 14:30,press conference,-0.0725,-0.12373,-0.05336,2.93375
2022-05-17 14:00,speech,-0.00125,0.02317,0.015,0.16567
2022-06-13 15:15,fomc,0.185,0.11179,0.04843,-0.46245
2022-06-15 14:00,fomc,0.07,0.04313,0.01386,-0.08618
2022-06-15 14:30,press conference,-0.185,-0.15665,-0.07946,0.72358
2022-06-17 08:45,speech,0.045,0.09961,0.0599,-1.33879
2022-06-22 09:30,testimony,-0.005,-0.02143,-0.00679,1.64813
2022-06-23 10:00,testimony,0.03,0.03691,-0.01179,-0.53091
2022-07-27 14:00,fomc,-0.005,0.00291,0.00165,0.06284
2022-07-27 14:30,press conference,-0.05,-0.0718,0.00659,1.37585
2022-08-17 14:00,minutes,-0.0325,-0.03998,-0.03004,0.33838
2022-09-21 14:00,fomc,0.09,0.09103,0.01929,-1.38846
2022-09-27 07:30,speech,0.01,0.02583,0.01432,0.25559
2022-11-02 14:00,fomc,-0.06,-0.08185,-0.04518,0.69157
2022-11-02 14:30,press conference,0.05,0.13781,0.07963,-2.71601
2022-11-30 13:30,speech,-0.0375,-0.14522,-0.0918,2.51464
2022-12-14 14:00,fomc,0.0125,0.08115,0.03305,-1.16971
2022-12-14 14:30,press conference,-0.01,-0.04158,-0.05215,-0.01239
2023-02-01 14:00,fomc,-0.005,0.02182,0.0104,0.13506
2023-02-01 14:30,press conference,0,-0.13868,-0.08125,1.59453
2023-02-07 13:20,speech,-0.0025,0.05377,0.05103,-0.34323
2023-02-22 14:00,minutes,0,0.02203,0.01079,-0.51768
2023-03-07 10:00,testimony,0,0.1004,0.00902,-1.2291
2023-03-08 10:00,testimony,0,0.07845,0.05774,-0.25721
2023-03-22 14:00,fomc,0.025,-0.09083,-0.02785,0.27857
2023-03-22 14:30,press conference,-0.0175,-0.11036,-0.06935,-1.013
2023-04-12 14:00,minutes,-0.0025,-0.03255,-0.01377,-0.50148
2023-05-03 14:00,fomc,0.0075,0.00592,0.00858,0.12046
2023-05-03 14:30,press conference,-0.0025,-0.07492,-0.03941,-1.05293
2023-05-19 11:00,speech,-0.0025,-0.07356,-0.03162,-0.36796
2023-05-24 14:00,minutes,0,-0.03761,-0.01049,-0.09698
2023-06-14 14:00,fomc,-0.0025,0.12573,0.05671,-0.69226
2023-06-14 14:30,press conference,0,-0.04793,-0.03193,0.41496
2023-06-22 10:20,testimony,0.0025,0.03799,0.0248,-0.03404
2023-07-26 14:00,fomc,0,0.00603,-0.00179,0.08179
2023-07-26 14:30,press conference,0,-0.08034,-0.03396,0.06539
2023-08-25 10:20,speech jackson hole,0,0.04032,0.02384,-0.21043
2023-09-20 14:00,fomc,0.01,0.06841,0.03491,-0.18928
2023-10-19 12:00,speech,-0.005,-0.03633,0.00191,0.33338
2023-11-01 14:00,fomc,0,-0.01208,-0.00378,0.01773
2023-11-01 14:30,press conference,-0.0025,-0.04728,-0.03961,0.67719
2023-11-09 14:00,speech,0,0.07045,0.0393,-0.48624
2023-12-13 14:00,fomc,0,-0.13941,-0.0828,0.63107
2023-12-13 14:30,press conference,0,-0.07949,-0.04299,0.46924
2024-01-31 14:00,fomc,0,0.00992,0.00534,-0.30568
2024-02-04 19:00,speech,0,0.02986,0.01976,-0.17094
2024-03-20 14:00,fomc,0,-0.02194,0.00545,0.2479
2024-03-20 14:30,press conference,-0.0075,-0.03788,-0.01817,0.54606
2024-05-01 14:00,fomc,0,-0.01308,-0.00934,0.12855
2024-05-01 14:30,press conference,0,-0.04625,-0.0168,0.29603
2024-06-12 14:00,fomc,0,0.01795,0.00908,-0.0092
2024-07-31 14:00,fomc,0.0025,0.01788,0.01075,0.13038
2024-07-31 14:30,press conference,-0.0025,-0.08142,-0.05187,0.00899
2024-09-18 14:00,fomc,-0.1075,-0.08012,-0.02422,0.3611
2024-09-18 14:30,press conference,0.0025,0.06448,0.04154,-0.69248
2024-09-30 13:55,speech,0.0075,0.05479,0.03136,0.11654
2024-11-07 14:00,fomc,0,0.01388,0.00546,-0.00417
2024-11-14 15:00,speech,0,0.05365,0.02568,-0.33423
2024-12-18 14:00,fomc,0,0.09323,0.0568,-0.83047
